"","p_val","avg_log2FC","pct.1","pct.2","p_val_adj","Direction"
"CXCR4",1.78061497958706e-07,1.26891597729229,1,0.875,0.0065172288867866,"Up_in_3D"
